--Test data for the database

INSERT INTO `app_interests_groups` VALUES (1,'Arts & Crafts'),(2,'Collecting'),(3,'Dancing'),(4,'Educational'),(5,'Extreme'),(6,'Food & Drink'),(7,'Games'),(8,'High Tech'),(9,'Intellectual'),(10,'Music'),(11,'Outdoors'),(12,'Performing Arts'),(13,'Pets'),(14,'Philantropy'),(15,'RC Hobbies'),(16,'Sports'),(17,'Writing');

INSERT INTO `app_interests` VALUES (1,5,'Abseling (Rappelling)'),(2,16,'Acrobatics'),(3,16,'Acroyoga'),(4,12,'Acting'),(5,1,'Aeromodelling'),(6,1,'Airbrushing'),(7,11,'Aircraft Spotting'),(8,5,'Airplane Combat'),(9,5,'Airplane Flight'),(10,11,'Airsofting'),(11,5,'Alligator Wrestling'),(12,11,'Amateur Astronomy'),(13,8,'Amateur Radio'),(14,13,'Animals/pets/dogs'),(15,13,'Ant Farm'),(16,13,'Aquarium (Freshwater & Saltwater)'),(17,16,'Archery'),(18,1,'Arts'),(19,9,'Astrology'),(20,11,'Astronomy'),(21,7,'Backgammon'),(22,16,'Badminton'),(23,5,'Barefooting'),(24,5,'Base Jumping'),(25,16,'Baseball'),(26,16,'Basketball'),(27,11,'Beach/Sun tanning'),(28,11,'Beachcombing'),(29,1,'Beadwork'),(30,10,'Beatboxing'),(31,14,'Becoming A Child Advocate'),(32,10,'Bell Ringing'),(33,3,'Belly Dancing'),(34,16,'Bicycle Polo'),(35,11,'Bird watching'),(36,11,'Birding'),(37,1,'Blacksmithing'),(38,5,'Blobbing'),(39,8,'Blogging'),(40,5,'BMX'),(41,7,'Board Games'),(42,11,'Boating'),(43,5,'Bobsledding'),(44,16,'Body Building'),(45,11,'Bonsai Tree'),(46,1,'Bookbinding'),(47,11,'Boomerangs'),(48,16,'Bowling'),(49,16,'Boxing'),(50,6,'Brewing Beer'),(51,1,'Bridge Building'),(52,14,'Bringing Food To The Disabled'),(53,14,'Building A House For Habitat For Humanity'),(54,1,'Building Dollhouses'),(55,5,'Bungee Jumping'),(56,11,'Butterfly Watching'),(57,2,'Button Collecting'),(58,6,'Cake Decorating'),(59,1,'Calligraphy'),(60,11,'Camping'),(61,1,'Candle Making'),(62,11,'Canoeing'),(63,5,'Canyon Swinging'),(64,5,'Car Racing'),(65,16,'Cardio Workout'),(66,1,'Cardstacking'),(67,1,'Cartooning'),(68,7,'Casino Gambling'),(69,11,'Cave Diving'),(70,1,'Ceramics'),(71,16,'Cheerleading'),(72,7,'Chess'),(73,9,'Church/church activities'),(74,6,'Cigar Smoking'),(75,5,'Cliff Diving'),(76,11,'Cloud Watching'),(77,2,'Coin Collecting'),(78,2,'Collecting'),(79,2,'Collecting Antiques'),(80,2,'Collecting Artwork'),(81,2,'Collecting Hats'),(82,2,'Collecting Music Albums'),(83,2,'Collecting RPM Records'),(84,2,'Collecting Sports Cards (Baseball, Football, Basketball, Hockey)'),(85,2,'Collecting Swords'),(86,1,'Coloring'),(87,10,'Compose Music'),(88,8,'Computer activities'),(89,11,'Contact Juggling'),(90,1,'Conworlding'),(91,6,'Cooking'),(92,7,'Cosplay'),(93,1,'Crafts'),(94,1,'Crafts (unspecified)'),(95,1,'Crochet'),(96,1,'Crocheting'),(97,1,'Cross-Stitch'),(98,7,'Crossword Puzzles'),(99,16,'Cycling'),(100,3,'Dancing'),(101,7,'Darts'),(102,2,'Diecast Collectibles'),(103,1,'Digital Photography'),(104,16,'Diving'),(105,16,'Dodgeball'),(106,2,'Dolls'),(107,7,'Dominoes'),(108,5,'Downhill Mountain Biking'),(109,5,'Downhill Skateboarding'),(110,1,'Drawing'),(111,11,'Dumpster Diving'),(112,6,'Eating out'),(113,4,'Educational Courses'),(114,8,'Electronics'),(115,1,'Embroidery'),(116,6,'Entertaining'),(117,16,'Exercise (aerobics, weights)'),(118,11,'Falconry'),(119,11,'Fast cars'),(120,1,'Felting'),(121,16,'Fencing'),(122,12,'Fire Poi'),(123,11,'Fishing'),(124,16,'Floorball'),(125,1,'Floral Arrangements'),(126,5,'Flowboarding'),(127,11,'Fly Fishing'),(128,16,'Fly Hunting'),(129,11,'Fly Tying'),(130,16,'Football'),(131,11,'Four Wheeling'),(132,5,'Free Climbing'),(133,13,'Freshwater Aquariums'),(134,16,'Frisbee Golf  Frolf'),(135,7,'Games'),(136,11,'Garage Saleing'),(137,11,'Gardening'),(138,4,'Genealogy'),(139,11,'Geocaching'),(140,11,'Ghost Hunting'),(141,12,'Glowsticking'),(142,11,'Gnoming'),(143,5,'Go Kart Racing'),(144,12,'Going to movies'),(145,16,'Golf'),(146,11,'Grip Strength'),(147,10,'Guitar'),(148,2,'Gun Collecting'),(149,1,'Gunsmithing'),(150,16,'Gymnastics'),(151,1,'Gyotaku'),(152,4,'Handwriting Analysis'),(153,5,'Hang gliding'),(154,13,'Herping'),(155,5,'Highlining'),(156,11,'Hiking'),(157,6,'Home Brewing'),(158,4,'Home Repair'),(159,8,'Home Theater'),(160,16,'Horseback Riding'),(161,11,'Hot air ballooning'),(162,11,'Hula Hooping'),(163,11,'Hunting'),(164,5,'Ice Climbing'),(165,5,'Ice Cross Downhill'),(166,5,'Ice Diving'),(167,11,'Ice Fishing'),(168,16,'Ice Skating'),(169,12,'Illusion'),(170,12,'Impersonations'),(171,16,'Inline Skating'),(172,8,'Internet'),(173,4,'Inventing'),(174,1,'Jet Engines'),(175,5,'Jetboarding'),(176,1,'Jewelry Making'),(177,7,'Jigsaw Puzzles'),(178,5,'Jousting'),(179,11,'Juggling'),(180,11,'Jump Roping'),(181,11,'Kayaking'),(182,1,'Keep A Journal'),(183,4,'Kitchen Chemistry'),(184,5,'Kite Boarding'),(185,11,'Kites'),(186,1,'Knitting'),(187,1,'Knotting'),(188,16,'Lacrosse'),(189,4,'Lasers'),(190,7,'Lawn Darts'),(191,7,'Learn to Play Poker'),(192,4,'Learning A Foreign Language'),(193,10,'Learning An Instrument'),(194,4,'Learning To Pilot A Plane'),(195,1,'Leathercrafting'),(196,7,'Legos'),(197,11,'Letterboxing'),(198,10,'Listening to music'),(199,16,'Locksport'),(200,5,'Luge / Skeleton'),(202,12,'Magic'),(203,1,'Making Model Cars'),(204,11,'Marksmanship'),(205,16,'Martial Arts'),(206,1,'Matchstick Modeling'),(207,9,'Meditation'),(208,11,'Metal Detecting'),(209,9,'Microscopy'),(210,1,'Model Railroading'),(211,1,'Model Rockets'),(212,1,'Modeling Ships'),(213,1,'Models'),(214,5,'Motocross'),(215,5,'Motorcycle Stunts'),(216,5,'Motorcycles'),(217,11,'Mountain Biking'),(218,5,'Mountain Boarding'),(219,11,'Mountain Climbing'),(220,10,'Musical Instruments'),(221,1,'Nail Art'),(222,1,'Needlepoint'),(223,5,'Noodling'),(224,5,'Off Road Driving'),(225,1,'Origami'),(226,11,'Owning An Antique Car'),(227,11,'Paintball'),(228,1,'Painting'),(229,1,'Papermache'),(230,1,'Papermaking'),(231,5,'Parachuting'),(232,5,'Paragliding or Power Paragliding'),(233,5,'Parkour'),(234,9,'People Watching'),(235,1,'Photography'),(236,10,'Piano'),(237,16,'Pilates'),(238,7,'Pinochle'),(239,6,'Pipe Smoking'),(240,11,'Planking'),(241,10,'Playing music'),(242,16,'Playing team sports'),(243,3,'Pole Dancing'),(244,1,'Pottery'),(245,5,'Powerboking'),(246,9,'Protesting'),(247,12,'Puppetry'),(248,11,'Pyrotechnics'),(249,1,'Quilting'),(250,15,'R/C Boats'),(251,15,'R/C Cars'),(252,15,'R/C Helicopters'),(253,15,'R/C Planes'),(254,11,'Racing Pigeons'),(255,11,'Rafting'),(256,10,'Rapping'),(257,4,'Reading'),(258,14,'Reading To The Elderly'),(259,12,'Renaissance Faire'),(260,13,'Rescuing Abused Or Abandoned Animals'),(261,8,'Robotics'),(262,11,'Rock Balancing'),(263,11,'Rock Climbing'),(264,2,'Rock Collecting'),(265,11,'Rockets'),(266,14,'Rocking AIDS Babies'),(267,12,'Roleplaying'),(268,5,'Roller Derby'),(269,16,'Running'),(270,5,'Running of the Bulls'),(271,11,'Sailing'),(272,13,'Saltwater Aquariums'),(273,11,'Sand Castles'),(274,5,'Sandboarding'),(275,1,'Scrapbooking'),(276,5,'Scuba Diving'),(277,11,'Self Defense'),(278,1,'Sewing'),(279,11,'Shark Diving'),(280,11,'Shark Fishing'),(281,2,'Shopping'),(282,10,'Singing In Choir'),(283,5,'Skateboarding'),(284,11,'Skeet Shooting'),(285,1,'Sketching'),(286,11,'Skiing'),(287,5,'Sky Diving'),(288,11,'Slack Lining'),(289,11,'Slingshots'),(290,15,'Slot Car Racing'),(291,11,'Snorkeling'),(292,11,'Snow Skiing'),(293,5,'Snowboarding'),(294,5,'Snowmobiling'),(295,1,'Soap Making'),(296,16,'Soccer'),(297,9,'Socializing'),(298,7,'Speed Cubing (rubix cube)'),(299,5,'Spelunkering'),(300,16,'Squash'),(301,2,'Stamp Collecting'),(302,11,'Storm Chasing'),(303,12,'Storytelling'),(304,5,'Street Luge'),(305,1,'String Figures'),(306,11,'Surf Fishing'),(307,5,'Surfing'),(308,11,'Survival'),(309,11,'Swimming'),(310,16,'Swimming'),(311,16,'Tai Chi'),(312,1,'Tatting'),(313,1,'Taxidermy'),(314,6,'Tea Tasting'),(315,16,'Tennis'),(316,4,'Tesla Coils'),(317,7,'Tetris'),(318,1,'Textiles'),(319,1,'Tombstone Rubbing'),(320,2,'Tool Collecting'),(321,2,'Toy Collecting'),(322,2,'Train Collecting'),(323,11,'Train Spotting'),(324,11,'Traveling'),(325,11,'Treasure Hunting'),(326,16,'Triathlon'),(327,14,'Tutoring Children'),(328,16,'Ultimate Frisbee'),(329,11,'Urban Exploration'),(330,7,'Video Games'),(331,10,'Violin'),(332,14,'Volunteer'),(333,5,'Wakeboarding'),(334,11,'Walking'),(335,7,'Warhammer'),(336,11,'Watching sporting events'),(337,11,'Water Ski'),(338,5,'Waterfall Kayaking'),(339,16,'Weightlifting'),(340,5,'White Water Rafting'),(341,5,'Windsurfing'),(342,6,'Wine Making'),(343,5,'Wingsuit Flying'),(344,1,'Woodworking'),(345,14,'Working In A Food Pantry'),(346,11,'Working on cars'),(347,11,'World Record Breaking'),(348,16,'Wrestling'),(349,17,'Writing'),(350,17,'Writing Music'),(351,17,'Writing Songs'),(352,5,'Xpogo'),(353,16,'Yoga'),(354,7,'YoYo'),(355,11,'Ziplining'),(356,5,'Zorbing'),(357,16,'Zumba');

INSERT INTO `app_users` (`first_name`,`last_name`,`id_email`,`profile_pic`,`username`,`password`,`user_id`,`introduction`,`subscribe`)
VALUES
  ("Hayley Mcdonald","Cade Huffman","ac@hotmail.edu","NWP21UOC5RW","Adara","XEN27PTD5MX",247,"Nunc commodo auctor velit.","diam"),
  ("Clark Shaw","Micah Sherman","dolor.vitae.dolor@aol.edu","LJG57EWJ6JO","Madeson","GQK78DES0FG",619,"vel turpis. Aliquam","elit fermentum risus, at fringilla purus mauris"),
  ("Peter Kelly","Fitzgerald Compton","at@yahoo.com","ZJH66ODY8WY","Debra","GCS29YMP0DI",692,"faucibus orci luctus et ultrices","posuere cubilia Curae"),
  ("Brittany Holloway","Marvin Houston","nisi@icloud.couk","DYI78ILT6MW","MacKenzie","WMD03XJX4UR",234,"Duis at","viverra. Donec tempus,"),
  ("Anne Hines","Wilma Carpenter","interdum@icloud.org","HYD52COF8NL","Camille","MPC47VEC0GV",511,"pede, nonummy ut, molestie","ante. Vivamus non lorem vitae odio"),
  ("Shea Terrell","Kelly Spears","quam.dignissim@google.org","BOK88QSP6OA","Dieter","YLO13MBT2IX",794,"Nulla aliquet. Proin velit. Sed malesuada","cursus purus. Nullam scelerisque"),
  ("Jamalia Stevens","Vladimir Mack","libero@yahoo.net","JRR37XGZ5BW","Bryar","ROC70HCY2ON",5,"tellus. Aenean egestas hendrerit neque.","in, cursus et, eros. Proin ultrices."),
  ("Hyatt Tate","Joseph Chaney","lorem.donec.elementum@protonmail.couk","XIS91CRF8YP","Tanner","OQY27OVN2TZ",150,"Fusce aliquam, enim","orci quis lectus. Nullam suscipit, est ac"),
  ("Brynn Saunders","Isabella Schneider","egestas@yahoo.org","LRU22JTB3HF","Castor","NIV32IGO3GT",610,"nec quam. Curabitur vel lectus. Cum","tristique senectus et netus"),
  ("Xaviera Hood","Nathaniel Stein","etiam.imperdiet@outlook.org","ZKR81YTF8JP","Lacey","FXC88URD1JJ",904,"Curabitur sed tortor. Integer aliquam adipiscing","massa. Suspendisse eleifend. Cras sed");
INSERT INTO `app_users` (`first_name`,`last_name`,`id_email`,`profile_pic`,`username`,`password`,`user_id`,`introduction`,`subscribe`)
VALUES
  ("Jaime Montgomery","Knox Nunez","augue@hotmail.org","AVU81KYE2QS","Christopher","FHN27WRZ4XV",513,"faucibus","eu metus."),
  ("Ocean Johnston","David Sloan","donec.felis@icloud.ca","YJO89EBM9WO","Aiko","RIZ16VNI4QG",224,"convallis, ante lectus convallis","metus eu"),
  ("Hayfa Sellers","Otto Knight","ut.ipsum@icloud.net","PHX08OWG2RI","Skyler","UMW47LGM5CE",236,"Curabitur dictum.","Vivamus"),
  ("Yardley Mullins","Xander Cunningham","mattis.cras@icloud.net","TLH61EJH7OF","Oscar","PDP58PBC6IR",861,"Quisque ac","Fusce diam nunc,"),
  ("Sawyer Morton","Raja Harrington","ante.dictum.mi@protonmail.edu","PWQ77USD3TY","Janna","SUB43YVU9BP",193,"malesuada vel,","aliquet. Phasellus fermentum convallis ligula."),
  ("Rinah Diaz","Salvador Peck","sed@outlook.com","LGH62YGR4SI","Vance","YLL42PDQ5IZ",790,"rutrum eu, ultrices sit","ultricies sem magna nec quam. Curabitur"),
  ("Nayda Sims","Talon Harmon","sit@google.org","RNU78PDL3FA","Kiona","QNB73RWA1BD",547,"dolor dolor, tempus non, lacinia","non, feugiat nec, diam. Duis"),
  ("Hiroko Puckett","Alden Hutchinson","libero@yahoo.ca","DCQ37HCS3NA","Keane","NCW25SXD2CQ",601,"lorem","vehicula aliquet"),
  ("Macaulay Sweeney","Graham Gay","vitae.odio@outlook.org","IGC56SDI8US","Ivor","TLY08DBR7CB",803,"mauris, rhoncus id, mollis nec,","elit, pellentesque a, facilisis non, bibendum sed, est."),
  ("TaShya Horn","Gloria Wise","aliquam@google.ca","DOP56RNK7VQ","Jack","TMX96XTL3UC",143,"et magnis dis parturient","magna. Duis dignissim tempor");
INSERT INTO `app_users` (`first_name`,`last_name`,`id_email`,`profile_pic`,`username`,`password`,`user_id`,`introduction`,`subscribe`)
VALUES
  ("Nash Johnston","Francesca Valdez","lorem.ipsum.dolor@hotmail.net","EVL85UYL5DX","Virginia","OCF77CAU0KQ",832,"penatibus et magnis dis parturient","cursus purus. Nullam"),
  ("Yael Stevenson","Vanna Meadows","nam.interdum.enim@google.couk","RVK51MGT2KH","Tate","JWL27EOU6YG",980,"magna. Lorem","ac mattis"),
  ("Beau Reynolds","Conan Butler","ac.libero@google.edu","QUB21EOE2WM","Katell","LXI48HKN5LX",250,"Mauris","non justo. Proin non massa non ante"),
  ("Alexander Foley","Hyatt Payne","augue.ac@protonmail.ca","SQO27HQH9HL","Nola","FSK71PET5DL",279,"facilisis lorem tristique aliquet. Phasellus fermentum","suscipit, est ac"),
  ("Elton Holland","Uta Morrison","mattis@aol.ca","WCN96YGN4NQ","Regan","BHN75VJJ4ZQ",633,"Morbi","Nulla tempor augue ac ipsum."),
  ("Ryder Phelps","Yvette Delaney","enim.etiam@hotmail.net","PEU95YEF1ND","Charissa","XXG67YAX7WI",324,"sit amet,","lobortis augue scelerisque mollis. Phasellus libero mauris,"),
  ("Joan Ward","Dominique Montoya","ipsum@google.net","EVK78AVF6RC","Abel","NNE84LPM7PH",21,"sem egestas blandit. Nam","Aliquam auctor, velit"),
  ("Tanner Fischer","Zephania Wiley","quam.a.felis@icloud.edu","EGL76CLS7OY","Owen","HVO33CGL5ZR",547,"lectus quis massa. Mauris","enim"),
  ("Hannah Miranda","Anika Wright","commodo@protonmail.ca","PEQ63GLX1JV","Zenaida","KKS40QCB8EN",610,"ipsum dolor sit amet, consectetuer adipiscing","Integer sem elit,"),
  ("Akeem Frazier","Leah Gregory","tristique.pellentesque@google.couk","VBX30JAS1YI","Blake","UMK27HKB4MG",116,"odio sagittis","pharetra, felis");
INSERT INTO `app_users` (`first_name`,`last_name`,`id_email`,`profile_pic`,`username`,`password`,`user_id`,`introduction`,`subscribe`)
VALUES
  ("Pamela Wiggins","Carter Walker","dignissim.pharetra@google.edu","CEX36XQE3FO","Britanney","BER23OLN6BO",462,"morbi","vehicula et, rutrum eu, ultrices"),
  ("Preston Brewer","Kibo Decker","eu.tempor@google.com","IGG72QBN7LG","Acton","GBQ92XWZ5YK",401,"Morbi quis","eleifend non, dapibus rutrum,"),
  ("Nola Ruiz","Tasha Hall","phasellus.dolor.elit@outlook.edu","NSS51YKT1MC","Laura","LLU21HTQ5XW",804,"placerat eget, venenatis","rutrum urna, nec luctus felis"),
  ("Raja Salazar","Gloria Thornton","sodales.elit.erat@yahoo.ca","QPS42DER8WC","Elliott","JHB26FLP2QF",516,"odio.","et, rutrum non, hendrerit id, ante."),
  ("Kermit Little","Leonard Alston","gravida.molestie@outlook.org","IUX53VZW3VT","Russell","FSV84ITO4NJ",463,"sagittis lobortis","vel pede blandit congue. In"),
  ("Cole Brennan","Claire Pace","tempus.non.lacinia@icloud.couk","KDJ41NBI0YY","Charles","HWL50GQH1AX",827,"neque venenatis","vel"),
  ("Lev Collier","Isabella King","id@outlook.edu","XJS06VUH5AB","Derek","ZRY77EWN5VT",94,"dui","est tempor bibendum."),
  ("Yuri Whitehead","Olivia Juarez","faucibus.orci.luctus@icloud.org","RDF74BTE1TL","Roth","FFM10QRJ1WD",634,"sit amet, consectetuer adipiscing elit.","nec tempus mauris erat eget"),
  ("Willa Charles","Xenos Cain","metus.in@yahoo.com","OYH01BGF8EQ","Lyle","TKW62BMM1FB",78,"luctus lobortis. Class aptent taciti sociosqu","fermentum vel, mauris."),
  ("Keely Ellis","Dillon Manning","vitae.dolor.donec@aol.com","WVC21NQU3YU","Kareem","LFM14SAT6LW",752,"a ultricies","malesuada fames");
INSERT INTO `app_users` (`first_name`,`last_name`,`id_email`,`profile_pic`,`username`,`password`,`user_id`,`introduction`,`subscribe`)
VALUES
  ("Cassady Levine","Giacomo Barker","pede.praesent.eu@protonmail.ca","CHL32NJQ2LF","Deanna","KPN89PDM3LJ",921,"Mauris vestibulum,","Cras lorem lorem, luctus ut,"),
  ("Malik Harper","Cairo Tran","urna.suscipit@icloud.net","JAT24BWS3YF","Ariana","OEK79TSX6EH",447,"feugiat. Lorem ipsum dolor","eros. Proin ultrices."),
  ("Brady Mayer","Caldwell Britt","luctus@hotmail.ca","DFW62QES8GH","Shelly","BVP74XYE3BL",20,"nascetur ridiculus mus.","Cum sociis natoque penatibus et"),
  ("Miriam West","Lyle Wells","cursus.in@yahoo.net","WEJ43WTE2HE","Ahmed","QUR58KCI6WD",753,"nisl. Nulla eu","imperdiet dictum magna. Ut tincidunt"),
  ("Daquan Marsh","Charissa Peters","aliquet.libero@aol.com","SEX21OMB6CX","Rana","OSO86PIP9UX",41,"amet massa. Quisque","eget lacus. Mauris"),
  ("Rhoda Cline","Halla Fowler","purus.sapien@aol.org","EVG93FQL4RQ","Evan","AXX13FGH3DO",856,"nunc ac mattis ornare,","dolor vitae dolor. Donec"),
  ("Gareth Lester","Reed Mckenzie","vitae.diam@hotmail.com","JNK95PWV7DV","Alika","OXT09DRA7PQ",637,"tincidunt orci","augue scelerisque"),
  ("Roary Mercer","Minerva Higgins","vel.convallis.in@protonmail.org","XXI38DJF8TO","Austin","HWZ11WJQ3TO",507,"et, lacinia vitae, sodales","in magna. Phasellus dolor elit, pellentesque a,"),
  ("Halla Marquez","Keelie Morton","aliquam.adipiscing.lobortis@outlook.ca","PEU13HZE5MN","Jakeem","XIN71XWP8AP",759,"accumsan interdum","mollis"),
  ("Kimberley Frye","Rina William","morbi.metus@aol.edu","IBJ15VXE8CE","Amanda","PDE36FPY8SR",899,"Integer id","ornare, elit");
INSERT INTO `app_users` (`first_name`,`last_name`,`id_email`,`profile_pic`,`username`,`password`,`user_id`,`introduction`,`subscribe`)
VALUES
  ("Shafira Hurst","Macon Aguirre","amet@aol.couk","GBI64XXJ2BD","Oscar","IQD38WXE9KJ",727,"in, tempus","dolor dolor, tempus non, lacinia at,"),
  ("Philip Tran","Driscoll Nguyen","nisl@outlook.couk","RBX33MXI4RB","Heather","RIP72NHW9IW",927,"lorem lorem,","dolor sit amet, consectetuer adipiscing elit. Curabitur"),
  ("Octavius Gallagher","Tyrone Skinner","nunc.ullamcorper@google.org","AXP61MPQ4OS","Renee","VIS70CBL4GS",15,"pharetra. Quisque ac","tellus. Suspendisse sed dolor. Fusce"),
  ("Reed Roy","Geoffrey Woods","ornare.egestas.ligula@hotmail.edu","ZJE35BMM4EC","Camilla","YQV06TJI6YN",482,"sed, facilisis vitae, orci. Phasellus","volutpat nunc sit"),
  ("Rana Erickson","Byron Salazar","ultrices@hotmail.edu","MDZ06MHA5JJ","Francesca","WFO14QUP7UF",521,"sit amet","pede, ultrices a,"),
  ("Chelsea Christensen","Hilel Sandoval","neque.sed@protonmail.edu","LLE82LEG8KA","Garrison","HRJ28TQD7PC",713,"vitae erat vel pede","eu turpis. Nulla aliquet. Proin"),
  ("Wanda Welch","Baker Puckett","dolor.fusce.feugiat@protonmail.ca","KST76NNA2HR","Raymond","URE85WQV6RP",116,"velit. Sed malesuada augue","vitae velit egestas lacinia. Sed congue,"),
  ("Maryam Finley","Carter Ray","et.lacinia@outlook.edu","PBX56IYC3KN","Jin","BFB29QVE5RX",180,"ante ipsum primis in","urna. Nunc"),
  ("Dorothy Day","Kirby Holt","nunc.laoreet.lectus@google.ca","XPR69NFJ3YY","Ross","HWN80KUY3TF",942,"mauris. Suspendisse aliquet molestie","mauris eu elit. Nulla facilisi."),
  ("Joseph Adkins","Geraldine England","nulla.eget@icloud.org","NXG11UFS8UT","Orson","QKF85EFX7SC",13,"dignissim. Maecenas ornare egestas","turpis vitae purus gravida sagittis. Duis gravida.");
INSERT INTO `app_users` (`first_name`,`last_name`,`id_email`,`profile_pic`,`username`,`password`,`user_id`,`introduction`,`subscribe`)
VALUES
  ("Tamara Hunt","Lana Prince","phasellus@icloud.ca","JVE59GUQ4XU","Jordan","PMI03IMF0BM",382,"nibh. Donec est mauris,","eget lacus. Mauris non dui nec urna suscipit"),
  ("Jamalia Brooks","Venus Hicks","cursus@hotmail.com","GZB84LSX6SF","Katelyn","HZH55LUI8IU",129,"augue eu","mattis semper, dui"),
  ("Wesley Mason","Stephen Heath","mus@outlook.com","YXV80QJS1XO","Bevis","MOM63SEM0NN",414,"non,","orci, in consequat enim diam vel"),
  ("Knox Diaz","Charity Maddox","odio.semper@aol.couk","WBO20KBE0UW","Keaton","OKC13JBW5OQ",992,"adipiscing ligula.","erat vel"),
  ("Shoshana Pennington","Jolie Vazquez","phasellus@yahoo.edu","GNY43VGX1PB","Kim","FUH64UVD5XF",779,"elementum, lorem ut aliquam","amet, consectetuer adipiscing elit. Etiam laoreet,"),
  ("Laura Vincent","Maggie Reynolds","augue@aol.couk","DND34XWH2ZQ","Ramona","CJE43DOE7ZK",495,"nibh. Donec est mauris, rhoncus","in, cursus et, eros."),
  ("Graiden Snyder","Urielle Morales","ante.bibendum@hotmail.couk","OLD75GTV5BB","Noelani","CGI52EDG3BK",498,"erat nonummy ultricies ornare, elit","erat semper rutrum. Fusce dolor"),
  ("Hamilton Wheeler","Hyatt Rivera","suspendisse.eleifend.cras@protonmail.ca","HRH68IYR4MI","Grace","XQE24NQH6ND",362,"a, facilisis non,","semper rutrum. Fusce dolor quam, elementum at,"),
  ("Conan Woods","Rachel Moses","leo.vivamus@aol.edu","DEO89MSR9ZS","Autumn","TIL56RNJ5OP",119,"faucibus lectus, a sollicitudin orci","semper tellus id nunc"),
  ("Maggy Rutledge","Martha Reyes","mattis.semper.dui@protonmail.couk","CKR65SPC1EU","Iola","YFT42SPF5YU",788,"volutpat ornare, facilisis eget, ipsum.","sit amet,");
INSERT INTO `app_users` (`first_name`,`last_name`,`id_email`,`profile_pic`,`username`,`password`,`user_id`,`introduction`,`subscribe`)
VALUES
  ("Ursa Gallegos","Raven Beasley","sit.amet@protonmail.net","NEC62MUX2WV","Cheryl","HEM22XGQ8DL",999,"at fringilla purus mauris a","diam eu dolor egestas rhoncus. Proin nisl sem,"),
  ("Todd Morton","Zahir Hickman","mi.tempor.lorem@protonmail.org","KCD96FTG1WD","Angela","XWI72TNO8SZ",161,"non, feugiat nec, diam. Duis","pede. Cum sociis natoque penatibus"),
  ("Galvin Craft","Hasad Hall","fusce@outlook.net","RWQ36CSV5PW","Alan","TIP64LCN5PH",189,"in","pellentesque. Sed dictum. Proin eget"),
  ("Paloma Figueroa","Ebony Dickson","facilisis.suspendisse.commodo@google.couk","QSR67PBY0EL","Duncan","HXM26GOD8CD",581,"Integer mollis. Integer","montes, nascetur ridiculus mus. Aenean eget magna."),
  ("Lacy Clark","Kaseem Hill","in.hendrerit.consectetuer@google.net","HGV64BOL9JF","Herrod","QQP76APX8AB",263,"ultrices iaculis odio. Nam","malesuada fames ac turpis"),
  ("Tyrone Cain","Leigh Beard","morbi.accumsan.laoreet@protonmail.edu","GMH26ODY8XE","Dora","KPS33KJS2OZ",932,"odio semper cursus. Integer mollis.","quam, elementum at, egestas"),
  ("Savannah Bray","Bell Becker","sed.leo@icloud.edu","XDG31ZQG0SQ","Nash","MXM44XMR3QR",130,"Cras vulputate velit eu sem.","hendrerit. Donec porttitor tellus"),
  ("Guinevere James","Trevor Welch","nunc.ullamcorper@hotmail.net","SJP42YMA9MV","Aurora","IBY64BYM6TV",139,"dictum eleifend, nunc risus varius","dis parturient montes, nascetur ridiculus"),
  ("Keefe Skinner","Ahmed Calderon","dolor.sit@icloud.couk","DXJ67FBV1PV","Armand","FMB85FPL2SB",6,"velit dui, semper","velit egestas lacinia."),
  ("Karly Richard","Aurora Santos","eu.turpis@yahoo.couk","HWI07QIW1TM","Octavia","HOT93BSY4IF",887,"sit amet orci. Ut sagittis","ultrices, mauris ipsum porta elit, a");
INSERT INTO `app_users` (`first_name`,`last_name`,`id_email`,`profile_pic`,`username`,`password`,`user_id`,`introduction`,`subscribe`)
VALUES
  ("Vincent Sherman","Cora Sharpe","elit.sed@icloud.org","THM48YXH1IV","Aimee","DFR66COA6QH",439,"eleifend, nunc","mauris. Integer sem elit, pharetra"),
  ("Guinevere Ford","Brandon Baker","risus.quis.diam@google.edu","QUU54BVW4WF","Noble","ZJN36YPX2PN",461,"magna. Lorem","condimentum. Donec at arcu. Vestibulum ante ipsum"),
  ("Steven May","Dane Bush","luctus.lobortis@icloud.net","IHI75LUC2IB","Charlotte","KZP66BMT1XD",995,"pharetra. Quisque","quam vel"),
  ("Patrick Meadows","Cedric Glenn","sed@aol.org","CGQ48UZV3LI","Amela","ETM53MOM4YE",188,"sodales at, velit. Pellentesque ultricies","nec"),
  ("Ryan Guy","Philip Fletcher","penatibus@google.couk","TQG23HZY3BN","Nayda","OVO33ORB8CX",176,"quam,","molestie dapibus ligula. Aliquam erat"),
  ("Ima George","Veronica Alexander","sit@protonmail.net","BID93MAI5FX","Oscar","TVW55EYM1VH",583,"faucibus","dictum augue"),
  ("Duncan Wilkins","Maggie White","cursus@outlook.couk","SOC03HSL4BI","Gray","PKY13IDL7DH",511,"enim nisl elementum","eros turpis non enim. Mauris quis turpis"),
  ("Dominic Boyd","Shana Galloway","sed.eu@hotmail.ca","ERH84XLO6XD","Sylvia","OMC70FDQ1LN",377,"Cum sociis natoque penatibus et","enim. Etiam gravida"),
  ("Erasmus Allison","Herman Hamilton","aliquam.erat.volutpat@aol.ca","HWM76LOX3QJ","Brian","UGE96XRB5EJ",564,"aliquam eu, accumsan sed,","augue. Sed molestie. Sed id risus quis diam"),
  ("Ian Adams","Chaim Osborne","hendrerit.consectetuer@yahoo.couk","GRH57BGT7MG","Kim","OHU84OOG5WR",946,"Nunc mauris sapien, cursus","ipsum. Suspendisse non leo. Vivamus nibh dolor,");
INSERT INTO `app_users` (`first_name`,`last_name`,`id_email`,`profile_pic`,`username`,`password`,`user_id`,`introduction`,`subscribe`)
VALUES
  ("Maryam Grimes","Hope Pierce","et.magnis@aol.org","PVB78XGN8HG","Jared","KEI73DVX1JF",357,"Cras lorem lorem, luctus ut,","risus varius orci,"),
  ("Magee Doyle","Armando Koch","integer@protonmail.org","DRY68ABY3GS","Beck","RJW23PHC2QX",43,"Donec luctus aliquet odio. Etiam ligula","sed"),
  ("Flavia Brennan","Flavia Mccormick","urna@protonmail.net","LVY81PXB5RL","Sopoline","JVY79BDW4QY",514,"diam. Proin","cursus. Nunc mauris elit, dictum eu, eleifend"),
  ("Brielle Combs","Idona Clay","ullamcorper.duis@google.org","BVV18NWN6PX","Chaney","FNT47TPM4NQ",229,"euismod enim. Etiam gravida molestie arcu.","placerat velit. Quisque varius. Nam porttitor scelerisque"),
  ("Avram Christensen","Patrick Mcguire","tellus.suspendisse@aol.com","UGI92WFD7UG","Todd","RDN17UZY1BK",783,"tincidunt nibh. Phasellus","Fusce aliquet magna a neque. Nullam"),
  ("Aristotle Reilly","Sybill Orr","auctor.nunc@google.couk","FVJ66CDC3PF","Grant","CNO58NHY7LO",875,"tellus, imperdiet non, vestibulum nec, euismod","vehicula risus. Nulla eget metus eu"),
  ("Hedy Dodson","Delilah Buckner","risus.duis.a@outlook.com","KXR42RFB0YZ","Rina","QHY56OUA7WS",278,"magnis dis parturient","facilisis non, bibendum sed,"),
  ("Rajah Gilmore","Thomas French","sed.est@aol.couk","IQX92JBU3VH","Glenna","NEM81VFZ1UR",462,"Phasellus in felis. Nulla","congue, elit sed consequat auctor,"),
  ("Claudia Mckay","Nash Mays","sed.consequat@icloud.net","QKA91BSJ6BS","Grant","FTH25EXK9TE",674,"pellentesque a, facilisis","Aenean massa. Integer"),
  ("Quinn Delacruz","Laura Herrera","a.dui@icloud.com","WXA32URR8TC","Gwendolyn","JWW68ERO6OE",870,"dui augue eu","purus, in");
  
INSERT INTO `app_user_interests` (`id_user`,`id_interest`,`id_group`)
VALUES
  (104,4,12),
  (104,16,13),
  (25,4,12),
  (25,9,1),
  (27,17,8),
  (27,21,7),
  (27,13,8),
  (26,17,16),
  (26,3,16),
  (66,17,1);
INSERT INTO `app_user_interests` (`id_user`,`id_interest`,`id_group`)
VALUES
  (34,6,1),
  (108,11,5),
  (108,10,11),
  (109,11,5),
  (87,18,1),
  (97,11,5),
  (41,3,16),
  (41,11,5),
  (64,6,1),
  (70,10,11);
  
